country,life_expectancy_at_birth_2023,population_2023_thousands_under18,among5_14_mortality_rate_2022,completion_rate_2000_2023_primary,basic_sanitation_household_perc_2022,stunted_perc_2022,pm25_latest,internet_latest,gdp_latest,happiness_rank,life_expectancy_at_birth_2023_raw,among5_14_mortality_rate_2022_raw,completion_rate_2000_2023_primary_raw,basic_sanitation_household_perc_2022_raw,stunted_perc_2022_raw,pm25_latest_raw,internet_latest_raw,gdp_latest_raw,happiness_rank_raw,child_wellbeing_index,iso3,pop_millions
Afghanistan,-1.0153690214105329,20782.648,NA,-2.057814097312668,-0.8504572242369207,-1.2837302139628781,-1.4428228478556533,-1.9259269857187304,-0.6098261821068477,-1.7054701500497609,66.0346,NA,44.242259979248,55.95194128781142,33.1,46.0870936659706,17.7089,413.757894705303,137,-1.3614270903317491,AFG,20.782648000000002
Albania,0.9044930935795628,579.388,0.5909829968725986,0.6294462769967711,0.7745923362305724,0.6803585954632526,0.539486864364723,0.4987312692249263,-0.3234438990372085,-0.3713988593300058,79.6019,1.76472918558011,97.4305725097656,99.29926613481855,8.3,15.7070036417042,83.1356,10011.6279856667,83,0.4359165193739103,ALB,0.579388
Algeria,0.43173378701374504,16342.422,0.43261194729779057,0.4588288161710689,0.26950338317716654,0.6565994566395494,-0.10294480527430638,0.26794537779739586,-0.4541481788058673,-0.32198881152557046,76.261,2.68324019577634,94.053581237793,85.82628939782464,8.6,25.5526558310447,76.9081,5631.17999109851,81,0.18201566361010801,DZA,16.342422
Andorra,1.5325983149431746,12.437,0.7684921461227772,NA,0.8008621755721442,NA,0.9718824712695266,0.9549294745196518,0.848956390059266,NA,84.0406,0.735222161192805,NA,100,NA,9.08028059086901,95.4456,49303.6733899464,NA,0.97962016208109,AND,0.012437
Angola,-1.2159687379502973,18792.424,-1.716181504000249,-1.2639178449441344,-0.9919658081179303,-2.1153000727924898,-0.07636068616836428,-0.923506474373638,-0.558852972756921,NA,64.617,15.1456848720839,59.9556617736816,52.17727576169328,43.6,25.1452381976267,44.7581,2122.08368991872,NA,-1.107756762638003,AGO,18.792424
Anguilla,0.8633995850558968,3.17,0.6368626239361866,NA,NA,NA,NA,NA,NA,NA,79.3115,1.49863924859515,NA,NA,NA,NA,NA,NA,NA,0.7501311044960417,AIA,0.00317
Antigua and Barbuda,0.6208714712173647,20.855,0.5212191511078273,NA,0.7035300770542567,NA,0.2790556021734247,0.29268236415273496,0.08576075757115956,NA,77.5976,2.16934139608583,NA,97.40371851103296,NA,19.6982695582914,77.5756,23725.7903725506,NA,0.417186570546128,ATG,0.020855000000000002
Argentina,0.5921597877481786,12232.291,0.6091984274368067,0.5723257826394161,NA,0.5853220401684398,0.5916107440974746,0.7407868498669269,-0.2086693495928536,0.39445688163874243,77.3947,1.65908441291737,96.3,NA,9.5,14.9081737974407,89.6672,13858.2039802008,52,0.4846488955003915,ARG,12.232291
Armenia,0.34990053639654267,686.709,0.5558299327613968,0.7405690793470537,0.5751674435832831,0.767475437816831,-0.430956558985122,0.3824025798325508,-0.3685299591637639,-0.2725787637211351,75.6827,1.96860783963311,99.63,93.97971415655475,7.2,30.5796334750125,79.9966,8500.60522486719,79,0.25547552531862633,ARM,0.6867089999999999
Australia,1.5159288407555442,5738.75,0.7586391345162413,0.7375376685955646,0.8008621755721442,1.068424529583738,1.0259464565570533,1.014872658684089,1.2996255279144224,1.3826578377274499,83.9228,0.792367072895367,99.57,100,3.4,8.25171746070811,97.0631,64407.484256932,12,1.0671660922118051,AUS,5.73875
Austria,1.2375995641880613,1566.707,0.7649809458094784,0.7082340313311714,0.7998262453539337,NA,0.8509584729646977,0.9354400645956475,1.0736230992952094,1.4073628616296676,81.9559,0.755586212295756,98.99,99.97236711742214,NA,10.9335136815146,94.9197,56833.1960472053,11,0.9722531606459833,AUT,1.566707
Azerbaijan,0.17243714438714752,2761.092,0.3683467380478284,0.6552954801058561,NA,0.28437294840153265,0.14668035224446774,0.7160609812582641,-0.404836061598426,NA,74.4286,3.05596174069969,97.9421997070312,NA,13.3,21.7269999756599,89,7283.83562954872,NA,0.27690822612095295,AZE,2.761092
Bahamas,0.1898707540638536,90.37,0.5189055729366638,NA,NA,NA,NA,NA,NA,NA,74.5518,2.18275954939648,NA,NA,NA,NA,NA,NA,NA,0.3543881635002587,BHS,0.09037
Bahrain,1.1424505451408424,349.061,0.5935045281584548,NA,0.8008621755721442,0.9417091225239878,-2.2524464555336063,1.1237116927320236,0.2744100282951279,0.6415071206609193,81.2835,1.75010495814188,NA,100,5,58.4950629834781,100,30048.2177718844,42,0.4082135946937367,BHR,0.34906099999999995
Bangladesh,0.20692229599602283,58954.927,0.1036584046242209,-0.11941546750357303,-0.7251219871264071,-0.7531094469001732,-1.201023707487261,-0.9329713827109469,-0.5447893062422537,-1.236074695907625,74.6723,4.59108542127639,82.608528137207,59.29519146920475,26.4,42.3813762359965,44.5027,2593.41607390407,118,-0.5779916992508884,BGD,58.954927000000005
Barbados,0.42001704284790775,60.267,0.6192336298200692,0.6811940225826468,0.7293504203918887,0.8625119931116437,0.015921000239553486,0.3822432254635202,0.13469539082959434,NA,76.1782,1.60088284196535,98.4548034667969,98.0924623115578,6,23.7309657842996,79.9923,25365.7949424181,NA,0.48064584066085303,BRB,0.060267
Belarus,0.17318712921901758,1812.248,0.7199139774274136,0.7592627789812358,0.7843169099530839,1.0525851037012692,0.6111325488535257,0.9110588461339574,-0.37401890175646285,NA,74.4339,1.01696293971044,100,99.55866391960187,3.6,14.6089903841381,94.2618,8316.64776291533,NA,0.57967979906413,BLR,1.812248
Belgium,1.2601132598014049,2315.114,0.7689678545673432,0.643058700174159,0.781600946579193,1.1476216589960822,0.8325218214660872,0.9671664076949825,1.047407772729759,1.2591327182163614,82.115,0.732463175600739,97.7,99.48621705428488,2.4,11.2160664677018,95.7758,55954.6106261018,17,0.967510126691708,BEL,2.315114
Belize,0.050316972706971566,134.179,0.5215582148348249,0.5664402899076648,0.3604063756331586,0.3873292166375799,-0.3051653219254878,0.09937810268743716,-0.370646245696411,NA,73.5656,2.16737491441357,96.1835098266602,88.25107793314866,12,28.6518070195516,72.3595,8429.67959707387,NA,0.16370220059821727,BLZ,0.134179
Benin,-1.759806795657427,6831.547,-2.191062457270956,-1.6671829520492427,-2.2172490947772387,-1.0698979645495492,-1.7665119582064377,-1.3885914651784914,-0.577851000472631,-1.1866646481031895,60.7738,17.8998712292665,51.9739303588867,19.49350171042671,30.4,51.0478241974862,32.2083,1485.38018980894,116,-1.5360909262516849,BEN,6.831547
Bhutan,-0.033214356774845126,209.184,-0.31083554525308177,-0.8643624415479684,-0.026143246089571675,-0.4600800680745006,0.0019122943980427293,0.6947890259504517,-0.5076112258429601,NA,72.9753,6.99504282159779,67.8639678955078,77.9400742382936,22.7,23.9456576369223,88.426,3839.4093039286,NA,-0.18819319540430415,BTN,0.209184
Bolivia (Plurinational State of),-0.6549800837105644,4401.114,0.2392648933869132,0.6945926829494712,-0.3758226769753481,0.4586066331086895,NA,NA,NA,NA,68.5814,3.80460295925451,98.72,68.61256309545696,11.1,NA,NA,NA,NA,0.07233228975183228,BOL,4.401114
Bosnia and Herzegovina,0.6566443326319044,518.65,0.6969832323015279,0.7461095973872721,NA,0.7041177342869558,-0.17141176851485088,0.6086227832915753,-0.3549008747532092,-0.0749385725033936,77.8504,1.14995531380076,99.7396621704102,NA,8,26.6019532713554,86.1009,8957.37294188215,71,0.35140330801597275,BIH,0.51864999999999994
Botswana,-0.5726657107483881,948.181,-0.26089187521537444,0.4193422889224559,0.07173098488754309,-0.3729632257209224,0.3307674081433276,0.43292903256194387,-0.3925604720245741,-1.5819450305386724,69.1631,6.70538248947015,93.2720336914062,80.55081681964325,21.6,18.9057549925814,81.36,7695.2420641819,132,-0.21402851108140677,BWA,0.948181
Brazil,0.3733198740710157,51043.668,0.4936763908085399,0.6142602980350135,0.45909332602837005,0.767475437816831,0.7696689086879042,0.5479421219309267,-0.3154267910254547,0.46857195334539553,75.8482,2.32908226194491,97.13,90.88349936878234,7.2,12.1793252040724,84.4635,10280.3148624429,49,0.46428683552206024,BRA,51.043668
British Virgin Islands,0.5753346563312927,7.495,0.4459454348406221,NA,NA,NA,NA,0.2974518774769783,NA,NA,77.2758,2.6059094263883398,NA,NA,NA,NA,77.7043,NA,NA,0.43957732288296436,VGB,0.007495
Brunei Darussalam,0.29951004608911463,115.302,0.5793224114975102,NA,0.7813988188613216,0.47444605899115827,1.0686496677712534,1.0878977247712749,0.37495305371487236,NA,75.3266,1.83235755630258,NA,99.4808254058944,10.9,7.59726503432135,99.0336,33417.8357740437,NA,0.6665968259566436,BRN,0.115302
Bulgaria,0.34333463145336873,1191.14,0.6232638449467703,0.708486648893796,0.27810987258987957,0.8941908448765814,0.44549904218322883,0.47291586144196057,-0.10261852197892653,-0.22316871591669973,75.6363,1.57750863956363,98.995,86.05586288372982,5.6,17.1474236131426,82.439,17412.4115085691,77,0.38222372316555103,BGR,1.19114
Burkina Faso,-1.714779404430739,11384.933,-1.8959316627136449,-1.2485097000607515,-2.0199445872350035,-0.3888026516033911,-2.250855210980573,-1.9513606841991342,-0.5927121330205645,-0.8902043612765773,61.092,16.1881891700982,60.2606315612793,24.75649355404262,21.8,58.4706762025055,17.0226,987.321378101867,104,-1.439233377280042,BFA,11.384933
Burundi,-1.3526499358945414,7183.364,-2.3088910448845485,-1.7598183858336394,-1.2351418769187668,-3.136943042211727,-0.37056748217297897,-2.171647716848436,-0.6175789483556245,NA,63.6511,18.5832464757495,50.1404190063477,45.69068464117658,56.5,29.6541345084659,11.0784,153.930217854023,NA,-1.6191548041400328,BDI,7.183363999999999
Cabo Verde,0.4031070074877904,166.679,0.5963581876314623,NA,0.16524688512500826,0.5932417531096742,-1.1971834573754825,0.1430893767041009,-0.46483999223850336,NA,76.0587,1.7335544733636,NA,83.04530326766736,9.4,42.3225220905558,73.539,5272.85253011419,NA,0.03414568006343575,CPV,0.166679
Cambodia,-0.35978322375457894,6238.979,0.17380966047180854,-0.13416485473539433,-0.07190446304481907,-0.4284012163095631,-0.011003651171104408,-0.33207941033638977,-0.5437609769262127,-1.1619596242009718,70.6675,4.18422633277445,82.3165969848633,76.71941833646201,22.3,24.1436022803452,60.7171,2627.8796974226,115,-0.31880530666746953,KHM,6.2389790000000005
Cameroon,-1.3457868671500592,13739.645,-2.580349382958553,-0.5553661711227957,-1.3315456648642487,-0.7927080116063452,-1.033411948595176,-1.0290991263920182,-0.5695861978445195,-0.6925641700588357,63.6996,20.1576344273351,73.9798583984375,43.11916533849597,26.9,39.8126251004519,41.9088,1762.3683508844,96,-1.1033797267325056,CMR,13.739645000000001
Canada,1.3330174457221784,7293.189,0.7443534716586556,0.7471371359752803,0.7479410806758742,NA,1.1359615475411886,0.8997409800172226,0.9975186646180607,1.3579528138252321,82.6302,0.875220212139391,99.76,98.5883581968614,NA,6.56566994375263,93.9564,54282.6176051733,13,0.9954528925042115,CAN,7.293189
Central African Republic,-2.2361320678389345,2927.732,-3.0536678474545504,-2.9266598365620538,-2.428957491943859,-1.8143509810255825,-0.6824171495223911,-2.303920737341218,-0.6067703859947524,NA,57.4077,22.9027587548934,27.0454006195068,13.84629384177521,39.8,34.4334184466457,7.50916,516.170424537757,NA,-2.006609562210418,CAF,2.927732
Chad,-2.567045186580639,10344.386,-2.857792193577104,-2.9337705838339607,-2.4636058893596635,-1.2203725104330025,-1.641950732899042,-2.093645606165712,-0.5918537673851656,-1.137254600298754,55.0692,21.7667307674623,26.9046592712402,12.92206643680978,32.3,49.1388484128027,13.1832,1016.08880662712,114,-1.9452545633925604,TCD,10.344386
Chile,1.125922577525264,4138.196,0.6717331354032232,0.7198544392118793,0.8008621117029144,1.2109793625259573,0.045668541273980186,0.9183076169670731,-0.12358045251614654,0.8144422879764431,81.1667,1.29639932659149,99.22,99.99999829632257,1.6,23.2750668049145,94.4574,16709.8893972307,35,0.6871321800078432,CHL,4.138196
China,0.6711487562671521,285792.681,0.5918050838137683,0.6460535997935498,0.6468707513317213,0.9733879742889253,-0.7070233780104896,0.827238448023835,-0.22523116519581882,0.0979965948121302,77.9529,1.75996129454933,97.75927734375,95.89236140694527,4.6,34.8105237153218,92,13303.1481543868,64,0.3913607405694193,CHN,285.79268099999996
Colombia,0.6388428058678651,13147.024,0.4556400836857701,0.47279446296552846,0.6033316197006755,0.45068692016745515,0.6389121355184094,0.2838363437137546,-0.3860335067591253,-0.0996435964056113,77.7246,2.54968297762664,94.33,94.73097843852392,11.2,14.1832514905064,77.3369,7913.98801464547,72,0.33981858538385795,COL,13.147024
Comoros,-0.910342843634141,370.73,0.021122150003535626,-0.17456184750359022,NA,-0.1512112633663592,0.785723925140931,-1.260385316419994,-0.568937305000233,-1.5325349827342372,66.7768,5.06977429031523,81.5170288085938,NA,18.8,11.9332724091044,35.6678,1784.11546860293,130,-0.473890935439261,COM,0.37073
Congo,-1.052528647231174,2931.506,-0.18950261120401282,-0.2338045514141449,NA,0.03094213428203201,NA,NA,NA,NA,65.772,6.29134327472549,80.3444519042969,NA,16.5,NA,NA,NA,NA,-0.3612234188918249,COG,2.9315059999999997
Cook Islands,0.2931705516612221,4.284,0.585677064437292,NA,0.2550154471335512,NA,NA,NA,NA,NA,75.2818,1.7955022174838,NA,85.43983147966453,NA,NA,NA,NA,NA,0.3779543544106884,COK,0.004284
Costa Rica,1.0739613642680659,1202.953,0.6173136420767844,0.6647838105598295,0.7402657004979594,0.5853220401684398,0.6308002352310961,0.5824664312771954,-0.06756645206634909,1.1109025748030554,80.7995,1.61201827288144,98.13,98.38362155005991,9.5,14.3075712471404,85.3951,18587.1532203614,23,0.6598054829795641,CRI,1.202953
CÃ´te d'Ivoire,-1.5942441063575357,14912.539,-1.9477812602314128,-1.001236785896397,-1.5623687308162246,-0.26208724454364063,NA,NA,NA,NA,61.9438,16.4889033872621,65.1548461914062,36.9620839390068,20.2,NA,NA,NA,NA,-1.2735436255690422,CIV,14.912539
Croatia,0.7599299795720672,673.554,0.6755112170357965,0.7484002237884002,NA,NA,0.512482662521841,0.5171422577213051,0.09189733640767,0.4932769772476132,78.5803,1.27448743305883,99.785,NA,NA,16.1208592960264,83.6324,23931.4528382746,48,0.5426629506135277,HRV,0.673554
Cuba,0.6899125277211393,2052.766,0.5287708642488299,0.7420086479110171,0.5065510863632957,0.7833148636992998,0.1786709839412197,0.05918744845168363,-0.3355691135096103,NA,78.0855,2.1255434185863,99.6584930419922,92.14940965471702,7,21.2367242811561,71.275,9605.26125067263,NA,0.39410591360335934,CUB,2.052766
Cyprus,1.1940296906534997,255.4,0.6973048517096094,0.6392694367347976,0.7782478853502173,NA,0.68292669313699,0.7983730717359342,0.5311952985690986,0.5426870250520486,81.648,1.14809000465361,97.625,99.39677594561955,NA,13.508701890821,91.2211,38654.16796875,46,0.7330042441177744,CYP,0.2554
Czechia,0.9373509196098496,2043.093,0.7439645643485838,NA,0.768485074104695,1.1397019460548476,0.6436219244911001,0.6674319572950034,0.32389371499995007,1.234427694314144,79.8341,0.87747577366535,NA,99.13635819543234,2.5,14.1110711384133,87.6878,31706.6234229743,18,0.8073597244022717,CZE,2.0430930000000003
Democratic People's Republic of Korea,0.061099773497272164,5999.844,0.24379360018956023,NA,0.2297181194236292,0.007182995458328759,NA,NA,NA,NA,73.6418,3.7783376344281,NA,84.76503884030176,16.8,NA,NA,NA,NA,0.13544862214219758,PRK,5.999844
Democratic Republic of the Congo,-1.6011496270736338,55606.594,-2.4043361583671357,-0.9244419873903704,-2.341676308924309,-1.8539495457317545,NA,NA,NA,NA,61.895,19.1368033779646,66.6748275756836,16.17447255423928,40.3,NA,NA,NA,NA,-1.8251107254974406,COD,55.606593999999994
Denmark,1.234330762373679,1153.014,0.78871814479804,0.7299591417168426,0.7857626867650342,NA,0.9725637702680843,1.1151584396221923,1.5217485175365577,1.6297080767496268,81.9328,0.617916614975105,99.42,99.59722924009945,NA,9.06983927345931,99.7692,71851.7562131368,2,1.0972436924787572,DNK,1.153014
Djibouti,-1.022175487526194,409.978,-1.1560156135015387,-0.19895977936744,-0.43982957462763983,-0.14329155042512468,-0.7796995936359186,-0.1724396858077068,-0.5178438524035807,NA,65.9865,11.8968679996769,81.0341262817383,66.90521345364982,18.7,35.9243304831101,65.0248,3496.47111876763,NA,-0.5537818921618929,DJI,0.409978
Dominica,-0.29398266775077764,14.649,0.5102037954617228,NA,NA,NA,0.2158260954623677,0.524298380665449,-0.31169810424076705,NA,71.1325,2.23322760173603,NA,NA,NA,20.6672998234563,83.8255,10405.2787777582,NA,0.12892949991959896,DMA,0.014648999999999999
Dominican Republic,0.07217973808888008,3631.019,0.37065637221276726,0.4237866558164569,0.3765534276938807,0.8941908448765814,0.2706726050641127,0.7902608225776062,-0.29766276356210614,-0.12434862030782898,73.7201,3.04256646160217,93.36,88.68179188060286,5.6,19.8267440369685,91.0022,10875.6618443092,73,0.3084765647178167,DOM,3.6310189999999998
Ecuador,0.59183432263246,5441.596,0.4095467594005957,0.7102549718321644,0.5111656660944826,-0.4600800680745006,0.4774979504060973,0.27775123036611926,-0.41704372338146534,-0.14905364421004666,77.3924,2.81701230306929,99.03,92.2725010923607,22.7,16.6570210758922,77.1727,6874.705739766,74,0.21687482945176742,ECU,5.441596
Egypt,-0.2230878751531313,43582.614,0.2713077513195018,0.44045941494964613,0.708217387820237,-0.2779266704261094,NA,NA,NA,-1.310189767614278,71.6335,3.61876269433075,93.69,97.52875000999437,20.4,NA,NA,NA,121,-0.06520329318402229,EGY,43.582614
El Salvador,-0.15717411389168728,1927.598,0.26105811035941373,0.2888888773751978,0.33422799771403766,0.5457234754622678,0.25749397685588643,-0.0749370474543012,-0.4556854470581546,0.4438669294431778,72.0993,3.67820795340856,90.69,87.55278375232294,10,20.0287144500145,67.6558,5579.65969165029,50,0.16038475097842647,SLV,1.927598
Equatorial Guinea,-1.3447255678596752,800.501,-1.6601605017217962,-2.1594805395773906,NA,0.06262098604696949,-0.744120025804402,-0.3450871739479615,-0.42090195804042113,NA,63.7071,14.8207775892621,42.23,NA,16.1,35.3790521811967,60.3661,6745.40013244916,NA,-0.9445506829863825,GNQ,0.800501
Eritrea,-0.6489660543983883,1599.094,-0.30081800395265496,NA,NA,-2.6380011269139603,-0.5465727118899167,-1.8406353391317432,-0.6016229771553495,NA,68.6239,6.93694368034539,NA,NA,50.2,32.3515206386852,20.0104,688.68165957684,NA,-1.0961027022403356,ERI,1.599094
Estonia,0.8410415466718087,264.402,0.7292864118304554,0.746379283287408,0.7656307470162809,1.2426582142908948,1.163362561178709,0.8360585270539036,0.30788461788221116,0.9132623835853139,79.1535,0.962605251138896,99.745,99.06022055229147,1.2,6.14573290973003,92.238,31170.0915091887,31,0.8383960325329984,EST,0.26440199999999997
Eswatini,-1.2859154365152015,492.956,-0.949832912797801,-0.2668596149902938,-0.5329890723792949,-0.34128437395598465,0.3387693025516051,-0.4468553211096064,-0.5047258692202412,NA,64.1227,10.7010618140336,79.6902008056641,64.42023385065032,21.2,18.7831211422857,57.62,3936.10969242371,NA,-0.4987116623021023,SWZ,0.492956
Ethiopia,-0.8341840065561906,59470.308,-0.2578110411777717,-1.48152874072124,-2.598035973252995,-1.386686482198925,-0.2173071511535812,-1.9633863801876101,-0.5920034198927829,-1.384304839320931,67.315,6.6875144511404,55.6485404968262,9.336216098769436,34.4,27.3053276470482,16.6981,1011.07332413462,124,-1.1905831149402253,ETH,59.470307999999996
Fiji,-0.8340849519557535,302.606,0.04014057145642556,0.6803606498250866,0.5400787703377465,0.7753951507580654,0.7540432278856564,0.35838454109562873,-0.43453801689355825,NA,67.3157,4.95947237877312,98.4383087158203,93.04374263013115,7.1,12.4187981716598,79.3485,6288.39867264416,NA,0.23497249281366217,FJI,0.302606
Finland,1.2311327138453225,1024.87,0.7755991792237339,0.747642371100528,0.780166241865209,NA,1.2449614434812108,0.8833423036693011,0.9648758050265773,1.6544131006518445,81.9102,0.694003212587086,99.77,99.44794707605806,NA,4.89518090216668,93.5139,53188.6186245158,1,1.035266644857966,FIN,1.02487
France,1.4313786639549593,13624.729,0.7710551428309074,0.7155599406472702,0.7501018794844031,NA,0.9379457390473795,0.7032311015935174,0.7548712949043008,1.1603126226074907,83.3253,0.72035744506044,99.135,98.6459963453591,NA,9.60038144780495,88.6538,46150.4876861593,21,0.9030570481337785,FRA,13.624728999999999
Gabon,-0.6896067418914915,1052.273,-1.0578966965866798,-0.5739470686275749,-1.077479852510263,0.2764532354602983,-0.390190785982111,0.08329813507757698,-0.3769395957637656,-0.6431541222544004,68.3367,11.3278037310698,73.6120910644531,49.89623452367131,13.4,29.9548734558765,71.9256,8218.76307061848,94,-0.49438483256426785,GAB,1.052273
Gambia,-1.0400336169190554,1282.483,-0.7192127057232847,-1.0711682085306775,-1.1592150445971274,0.2606138095778296,NA,NA,NA,-1.2607797198098425,65.8603,9.36352442989434,63.7707099914551,47.71599214275427,13.6,NA,NA,NA,119,-0.8316325810003596,GMB,1.282483
Georgia,0.1820454406294225,938.672,0.6098131914907344,0.7545227305077422,0.28568849076613967,0.9575485484064565,0.45225776566782505,0.45235914783700665,-0.3478504067101252,-0.5443340266455297,74.4965,1.65551894085842,99.9061813354492,86.25801845607019,4.8,17.0438421058507,81.8843,9193.66366361489,90,0.3113389868832969,GEO,0.9386720000000001
Germany,1.1557804642280645,14058.694,0.7629736586805288,0.680951334567771,0.7718532972578498,1.1713807978197852,0.8930986930664647,0.8828271814066203,1.0428010323109231,1.2838377421185792,81.3777,0.767227957005508,98.45,99.2262037402876,2.1,10.2876894329414,93.5,55800.2194549412,16,0.9606115779396207,DEU,14.058694
Ghana,-1.0913155986304055,14333.982,-0.7862474026543893,-0.6836088243703913,-1.8764592780323468,0.33189122604893917,-1.974984230757701,0.009880241941152963,-0.5503875741157103,-0.9643194329832303,65.4979,9.75230828503513,71.4415817260742,28.58388716718974,12.7,54.2427873097724,69.9445,2405.79466378083,107,-0.8428389859504536,GHA,14.333982
Greece,1.2235762628977895,1711.159,0.7700142984259261,0.7117706772079089,0.7633949964698075,1.163461084878551,0.6241866751777136,0.6148783687549182,0.11638409903783137,0.24622673822543634,81.8568,0.726394072641321,99.06,99.00058310641137,2.2,14.4089280374361,86.2697,24752.1068401681,58,0.6926548001195425,GRC,1.711159
Grenada,0.2823311482421011,28.407,0.2960070369492721,NA,NA,NA,-0.04451876657438258,0.16462445201659168,-0.26794550431966974,NA,75.2052,3.47551324403138,NA,NA,NA,24.6572416056476,74.1201,11871.6117006031,NA,0.0860996732627825,GRD,0.028407
Guatemala,-0.08599630814993925,6961.166,0.2957344444936955,0.013412277765831817,-0.33799005809181604,-2.1073803598512555,0.15263537982555786,-0.5049084883390285,-0.43866679629182076,0.6168020967587017,72.6023,3.47709420957032,85.2375564575195,69.62172789907422,43.5,21.6357355920496,56.0535,6150.02597767851,43,-0.26626197909778593,GTM,6.961166
Guinea,-1.764518964506732,6904.812,-2.1097275704134155,-2.0126070943894305,-1.77573168259078,-0.8719051410186892,-1.291465098540041,-1.6000843602066366,-0.5709392119085874,-0.5690390505477473,60.7405,17.4281499816503,45.1370315551758,31.27074171420271,27.9,43.7674450148382,26.5014,1717.02318120779,91,-1.3962242415691177,GIN,6.904812
Guinea-Bissau,-1.2912643849387349,989.609,-1.319391198080673,-2.0351926987663433,-1.904203737957513,-0.8560657151362204,-1.712024135654758,-1.37903761486777,-0.5934383254362767,NA,64.0849,12.8444040148518,44.69,27.84381858938282,27.7,50.2127655060307,32.4661,962.983627901892,NA,-1.3863272263547861,GNB,0.9896090000000001
Guyana,-0.42873937631512393,285.865,0.28110917413392655,0.669271626934508,0.4630562189075417,0.7357965860518935,-0.09694257562393083,0.4463481528005482,0.2694991633938008,NA,70.1802,3.56191698424164,98.2188262939453,90.9892074094146,7.6,25.460668047299,81.7221,29883.6341152001,NA,0.2924248712853955,GUY,0.28586500000000004
Haiti,-1.17088474409479,4375.602,-0.7723728867922031,-1.6161409906997677,-1.5431070527899418,-0.20664925395499992,0.17126304248471616,-1.1271872994037224,-0.5582401094985817,NA,64.9356,9.67183969172357,52.9841918945312,37.47587886244504,19.5,21.3502554448061,39.262,2142.62330526788,NA,-0.8529149118436613,HTI,4.375602
Holy See,1.3831956761715307,0.036,NA,NA,NA,NA,NA,NA,NA,NA,82.9848,NA,NA,NA,NA,NA,NA,NA,NA,1.3831956761715307,VAT,3.5999999999999994e-5
Honduras,-0.046105605488708054,3936.796,0.06534164877896903,0.1918837333275508,0.21592037344655376,-0.04825499513031197,0.23889967064139384,-0.4224370434923281,-0.5199336026443043,0.36975185773652475,72.8842,4.8133126668074,88.77,84.3969913717355,17.5,20.3136833896573,58.2789,3426.43483328923,53,0.005007337463926637,HND,3.9367959999999997
Hungary,0.539703301488803,1705.823,0.7348696681094941,0.719096586524007,0.725086968074958,NA,0.6419627115130779,0.8931666858158183,0.07337677616146322,0.4191619055409601,77.024,0.930223812872164,99.205,97.97873700923621,NA,14.1364995764273,93.779,23310.7512733957,51,0.5933030754035727,HUN,1.705823
Iceland,1.3416351959600963,84.591,0.8060708155979291,NA,0.7551003074025383,NA,1.2312349112039058,1.1174153421975337,1.845554701052422,1.605003052847409,82.6911,0.517275625167937,NA,98.77932672737491,NA,5.10554827500189,99.8301,82703.8579937471,3,1.2431449037516906,ISL,0.084591
India,-0.17085779940903703,436637.126,0.24149380305747148,0.4638171033383025,-0.009329947787085131,-1.1728542327855964,-1.593402109160523,-0.5105970687218669,-0.5417085864747838,-1.4337148871253664,72.0026,3.79167586128656,94.1523132324219,78.38855994666662,31.7,48.3948115195574,55.9,2696.66389984463,126,-0.5252393027853872,IND,436.63712599999997
Indonesia,-0.29211478099970023,84198.626,0.094880860679517,0.5896097486085405,0.3568750081927911,-1.1174162421969556,0.39760037711386215,0.11499112493688222,-0.475206408620919,-0.3961038832322235,71.1457,4.64199289948871,96.6420974731445,88.15688060199298,31,17.8814994983985,72.7808,4925.43048751861,84,-0.08076491061313393,IDN,84.198626
Iran (Islamic Republic of),0.6289231951670772,24508.066,0.3774398525386642,NA,0.4396452006061548,0.965468261347691,NA,NA,NA,NA,77.6545,3.00322403517061,NA,90.36473106112557,4.7,NA,NA,NA,NA,0.6028691274148968,IRN,24.508066
Iraq,-0.12534928583737417,19588.15,0.028612052092600038,-0.469953558213106,0.7445829006050583,0.5536431884035022,-0.9265610005116444,0.446607566889668,-0.4409468948261188,-0.7419742178632711,72.3242,5.02633480088476,75.67041015625,98.49878054583732,9.9,38.1750699787954,81.7291,6073.61032342708,98,-0.10348213880674288,IRQ,19.588150000000002
Ireland,1.3021124103861983,1200.087,0.7932711016839709,NA,0.39803760011680456,NA,1.0312403071182883,0.9939082943676609,2.5799445136785453,1.3332477899230146,82.4118,0.59151064595549,NA,89.25487064923911,NA,8.17058601306707,96.4974,107316.337306921,14,1.2045374310392118,IRL,1.200087
Israel,1.301574685412404,3000.756,0.7604892752314887,0.7592627789812358,0.7980324803021246,NA,0.35083052568801726,0.6857614156490873,0.9943578193590805,1.5802980289451913,82.408,0.781636736625389,100,99.92451939739469,NA,18.5982756348314,88.1824,54176.6844383302,4,0.9038258761960787,ISR,3.000756
Italy,1.4866228296837434,8955.209,0.7785939983013024,0.7436004900985428,0.796552304448968,NA,0.6078929867595542,0.7242399368966511,0.5780972018671553,0.8638523357808785,83.7157,0.676634038715488,99.69,99.8850365009352,NA,14.6586386239905,89.2207,40226.0472416173,33,0.8224315104795994,ITA,8.955209
Jamaica,-0.2449647911922454,677.884,0.2672891350555134,0.7184568091104612,0.29673198103030834,0.8229134284054718,0.42812853853050015,0.7335899618516358,-0.41271598607368465,-8.235007967405427e-4,71.4789,3.64206962633718,99.1923370361328,86.55259763172805,6.5,17.413637041591,89.473,7019.74634780454,68,0.28984506399124665,JAM,0.677884
Japan,1.6276482793899583,17857.722,0.771490135801386,NA,0.7985261941240246,0.9417091225239878,0.7268727789371151,0.6412570757028292,0.3468472486758566,0.5179820011498308,84.7123,0.717834598657544,NA,99.9376889486133,5,12.835201662985,86.9815,32475.8924992191,47,0.7965416045381235,JPN,17.857722000000003
Jordan,0.6515642466952669,4257.471,0.49930469203994216,0.5878543464170891,0.6938266871451856,0.8149937154642374,-0.31312304499080873,0.8470428607703422,-0.4843766904491007,-1.3595998154187132,77.8145,2.29643957463796,96.6073532104492,97.14488579310363,6.6,28.7737639174179,92.5344,4618.09592498567,123,0.21527633307482674,JOR,4.257471
Kazakhstan,0.1686872202277912,6966.544,0.45562591814918174,0.7529712386718614,0.7206673397916552,0.9496288354652221,0.2575489191732417,0.8788136748563833,-0.20427882849022477,0.5920970728564839,74.4021,2.54976513406468,99.8754730224609,97.86084579683268,4.9,20.0278724259165,93.3917,14005.3487362345,44,0.5079734878557329,KAZ,6.966544
Kenya,-1.3533857700692078,24637.049,0.06447859664689304,0.2781156726935545,-1.578615127416954,-0.11953241160142143,-0.027198014608029272,-1.286015428425017,-0.5563450413413291,-1.063139528592101,63.6459,4.81831814532013,90.4767684936523,36.528720029267006,18.4,24.3917906517518,34.9762,2206.1349785176,111,-0.6268485614126236,KEN,24.637048999999998
Kiribati,-0.9533183895660859,53.764,-0.876970484075334,0.4604828413804506,-1.2542099554069588,0.21309553193042322,0.829862168268698,0.6790018256697405,-0.5538834092540654,NA,66.4731,10.2784786260652,94.0863189697266,45.18205388151033,14.2,11.2568272545112,88,2288.63458265531,NA,-0.18199248388164146,KIR,0.053764000000000006
Kuwait,1.0180945696222579,1071.922,0.5863671082760286,NA,0.8008621755721442,0.7912345766405342,-1.9405553148398187,1.1143468441148037,0.3390287612154937,NA,80.4047,1.79150014219858,NA,100,6.9,53.7151434413218,99.7473,32213.8622292316,NA,0.38705410294306336,KWT,1.071922
Kyrgyzstan,-0.21693233926890335,2673.616,0.42015637767424713,0.7198063179098186,0.7208069979365538,0.5219643366385646,NA,NA,NA,0.14740664261656558,71.677,2.75547926894158,99.2190475463867,97.86457110289209,10.3,NA,NA,NA,62,0.38553472225114105,KGZ,2.673616
Lao People's Democratic Republic,-0.6008821212153947,2787.115,-0.22017785450235636,-0.0777445168428089,0.032847991866381966,-0.8560657151362204,NA,NA,NA,NA,68.9637,6.46925172949435,83.4333114624023,79.51363384964982,27.7,NA,NA,NA,NA,-0.3444044431660797,LAO,2.7871149999999996
Latvia,0.4216585190837018,357.775,0.7227259264632478,0.744610960349039,NA,1.1951399366434885,0.8073374449946744,0.8534615065182742,0.0750729951787556,0.666212144563137,76.1898,1.00065436464916,99.71,NA,1.8,11.6020322023647,92.7076,23367.5986788961,41,0.6857774292242897,LVA,0.35777499999999995
Lebanon,0.6519180131253947,1857.811,0.2514494795980653,NA,0.7708709442109833,0.7516360119343621,0.30954394873430746,0.5119873291789414,-0.5184032041482117,-1.6807651261475431,77.817,3.73393551959508,NA,99.2,7.4,19.2310172881236,83.4933,3477.72489842684,136,0.13102967456078743,LBN,1.8578109999999999
Lesotho,-2.2407734834022137,952.307,-0.4772091878084754,-0.2566806721554959,-1.0631231077398258,-1.180773945726831,0.03496524118237721,-0.8036979302715,-0.5931748253274911,NA,57.3749,7.95996679541661,79.8916702270508,50.2791929850309,31.8,23.4391013240086,47.991,971.814620468788,NA,-0.822558488906182,LSO,0.952307
Liberia,-1.5632966190499409,2585.16,-1.9365010689595872,-2.7504687617733907,-2.1036617751842766,-0.7689488727826422,-1.1997371539247321,-1.7113915340167671,-0.5969206193964499,-1.4090098632231487,62.1625,16.4234812036742,30.5327091217041,22.52338249725053,26.6,42.3616590279287,23.4979,846.277368387389,125,-1.5599929187012151,LBR,2.5851599999999997
Libya,-0.5477888553817898,2451.036,0.47549663963852457,NA,0.504923782927509,-2.796395385738648,-0.5869747694913588,0.6974906383928552,-0.43364274035084144,NA,69.3389,2.43452010337564,NA,92.10600220895554,52.2,32.9707065002742,88.4989,6318.40314031017,NA,-0.38384152714339276,LBY,2.451036
Liechtenstein,1.474467415144547,6.844,NA,NA,0.7989877236120718,NA,NA,1.0252973991511403,5.583367305063085,NA,83.6298,NA,NA,99.95,NA,NA,97.3444,207973.617746758,NA,2.220529960742711,LIE,0.006844
Lithuania,0.3983382360096659,507.069,0.6987767314296021,0.7362745807824447,0.6249162303992752,0.9813076872301597,0.9628349956000016,0.6976388750152089,0.25465929143838917,1.1850176465097084,76.025,1.13955348404503,99.545,95.30673634425771,4.5,9.21893860360944,88.5029,29386.2878350187,20,0.7266404749349396,LTU,0.507069
Luxembourg,1.2763016116440613,125.974,0.8403064768448767,0.6713518671880561,0.7103609885443641,NA,0.9983426841217001,1.0777805752956076,3.481062831316012,1.4567729094341029,82.2294,0.318717669777132,98.26,97.585929408821,NA,8.67476189540246,98.7606,137516.587324367,9,1.3140349930485975,LUX,0.125974
Madagascar,-1.355395163392334,14391.951,-2.2850003956630123,-1.7830581916798758,-2.394917771652861,-1.71931442573077,0.7322025344056294,-1.8274163383333168,-0.6059102464948775,-1.458419911027584,63.6317,18.4446869068786,49.6804389953613,14.75428511111882,38.6,12.7535199510191,20.3671,544.997302693127,127,-1.4108033232854447,MDG,14.391950999999999
Malawi,-0.82873600353222,10270.431,-1.1072513424604025,-1.8004119651450186,-1.1020331379343564,-1.3550076304339875,0.018051184006183954,-1.9155800694784144,-0.6070030979037436,-1.557240006636455,67.3535,11.6140478758239,49.3369598388672,49.24128881294894,34,23.6983194353464,17.9881,508.371273531708,131,-1.1394680077242683,MWI,10.270431
Malaysia,0.48778454020322154,9479.744,0.6181312060830227,NA,0.6507611311343892,-0.39672236454462534,0.5077197874998224,1.0503568001601002,-0.2680753913057423,0.3203418099320894,76.6571,1.60727661370013,NA,95.9961352001802,21.9,16.1938532237922,98.0206,11867.2586435443,55,0.37128718989528475,MYS,9.479744
Maldives,1.1081635027328394,124.743,0.6701871883212581,0.6679957417228926,0.7896356651672195,0.23685467075412633,0.780561403180831,0.5561544308093439,-0.22784536509485556,NA,81.0412,1.30536541868836,98.1935729980469,99.700538860316,13.9,12.0123911668511,84.6851,13215.5353637008,NA,0.572713404699207,MDV,0.12474299999999999
Mali,-1.807126593351345,12716.69,-2.630207158028611,-1.9503131977246522,-1.0657714033013788,-0.547196910428079,-2.140737039984713,-1.281720272292307,-0.5897624916540984,-1.2854847437120602,60.4394,20.4467965909293,46.37,50.20855112229011,23.8,56.7830489222988,35.0921,1086.1762176779,120,-1.4775910900530271,MLI,12.71669
Malta,1.4276428904528085,83.396,0.7547351375434731,NA,0.7995284210974367,NA,0.7994661278533581,0.8299326486351205,0.6413915908701903,0.7650322401720078,83.2989,0.815009242741987,NA,99.96442281522499,NA,11.7226648774147,92.0727,42347.3073860173,37,0.8596755795177707,MLT,0.083396
Marshall Islands,-0.8864848355863089,16.413,-0.11100580867501993,NA,0.10580318068443184,-1.0778176774907837,0.8645236322405822,-0.146761396900419,-0.3993811710429415,NA,66.9454,5.83608218008949,NA,81.4596743556766,30.5,10.7256194470999,65.7177,7466.65186507409,NA,-0.23587486811006558,MHL,0.016413
Mauritania,-0.6688194264571715,2498.577,-0.37263553207554045,-1.3665312021863352,-0.8512837410498387,-0.4125617904270944,-3.0568116668542222,-1.1968992769812943,-0.5600256087753437,-0.8654993373743596,68.4836,7.3534667158563,57.9246597290039,55.92989439542571,22.1,70.8224442103687,37.3809,2082.78374423714,103,-1.0390075091312445,MRT,2.498577
Mauritius,0.2428649652970235,244.342,0.6100588552716562,NA,NA,0.6565994566395494,0.9671395440989077,0.36399900316729,-0.26794186470203646,0.22152171432321863,74.9263,1.65409415464788,NA,NA,8.6,9.15296880580014,79.5,11871.733679438,59,0.39917738201365843,MUS,0.244342
Mexico,0.26305795312872887,39019.529,0.463051536019769,0.6597314593073482,0.5203859706601854,0.33981093899017356,0.586118612306155,0.4263769738538929,-0.19972565713689422,0.7897372640742254,75.069,2.50669847642772,98.03,92.51844776803186,12.6,14.9923440243315,81.1832,14157.9445835849,36,0.42761611680039824,MEX,39.019529000000006
Micronesia (Federated States of),-0.8506978235145636,43.203,0.018354877833483958,NA,NA,NA,NA,NA,NA,NA,67.1983,5.08582375114299,NA,NA,NA,NA,NA,NA,NA,-0.4161714728405398,FSM,0.043203000000000005
Monaco,1.862563339652137,6.056,0.7629666389181257,NA,0.8008621755721442,NA,0.9392058445923954,1.092200292735102,7.033705152058518,NA,86.3724,0.767268669806702,NA,100,NA,9.5810695715317,99.1497,256580.515122745,NA,2.0819172405880706,MCO,0.006056
Mongolia,-0.2088523140047817,1281.094,0.37565338385041824,0.6880726242748844,-0.32512554195701493,0.8545922801704094,-0.37061003447827373,0.4943064060476566,-0.4225107701580905,0.17211166651878326,71.7341,3.01358509019885,98.590950012207,69.96488196247051,6.1,29.6547866481682,83.0162,6691.48209834228,61,0.13973752225155456,MNG,1.281094
Montenegro,0.5486040648708226,139.507,0.7120091053480441,0.58388059999819,0.7187779187651989,0.6882783084044871,0.3910159338311876,0.7117102363921713,-0.2362025146203021,0.023881523105477143,77.0869,1.06280914745224,96.5287017822266,97.81044650502092,8.2,17.9824100566499,88.8826,12935.4522712126,67,0.4602172417883641,MNE,0.139507
Montserrat,0.4210783421382907,0.9,0.6264364328830315,NA,0.39214731994676155,NA,NA,NA,NA,NA,76.1857,1.55910845242024,NA,89.09775058706865,NA,NA,NA,NA,NA,0.47988736498936124,MSR,9e-4
Morocco,0.29755725539480776,11738.998,0.48736533170256824,-0.7871671461431929,0.3328620812644917,0.32397151310770467,0.17315472887701758,0.7901792924353114,-0.503016809276321,-0.7913842656677065,75.3128,2.3656847678347,69.3918762207031,87.51634866413073,12.8,21.3212642117301,91,3993.38745117188,100,0.03594688685496455,MAR,11.738997999999999
Mozambique,-1.3583101987765889,17303.688,-1.3268598308988633,-1.5466742446886244,-1.5467090813895612,-1.545080741023613,0.2541313695314525,-1.8468242181150267,-0.6028581512935167,-0.7172691939610535,63.6111,12.8877201480279,54.359130859375,37.37979668279078,36.4,20.0802484321177,19.8434,647.28579950207,97,-1.1373838100683773,MOZ,17.303687999999998
Myanmar,-0.8944658062499974,15910.908,0.20462457408219897,-0.09260761589862489,-0.16897351612873546,-0.5709560492517823,-0.5441919482881142,-0.41292025233719526,-0.5816141998196437,-1.2113696720054072,66.889,4.00550782642257,83.1391296386719,74.13015344326735,24.1,32.3150340028667,58.5357,1359.25961394135,117,-0.47471938732192237,MMR,15.910908
Namibia,-0.8243068478270176,1275.095,-1.2910105473221878,0.12064558066756026,-1.604414284586686,0.007182995458328759,0.2597241586488162,-0.1953681853703265,-0.49049256215784703,-0.9149093851787949,67.3848,12.6798036016564,87.36,35.8405413584001,16.8,19.9945355710926,64.4061,4413.1274418646,105,-0.5481054530742394,NAM,1.275095
Nauru,-1.5708106180258592,5.276,-0.04687391418348814,NA,NA,0.1655772542830167,1.1686724978937753,0.44387630712279375,-0.22168983222575897,NA,62.1094,5.46413382618665,NA,NA,14.8,6.06435493209495,81.6554,13421.8330584638,NA,-0.0102080508559201,NRU,0.0052759999999999994
Nepal,-0.40418798606424206,10316.757,0.15688485556324877,0.05911286709797139,0.06580345079807719,-0.7768685857238765,-1.4189201639230211,-0.5153554642994334,-0.5789869415723651,-0.24787373981891742,70.3537,4.28238581138921,86.1420974731445,80.39270302916668,26.7,45.7207706412594,55.7716,1447.31004458428,78,-0.40671018977139534,NPL,10.316756999999999
Netherlands (Kingdom of the),1.2661414397707864,3340.101,0.7634447062894593,NA,0.7135214994777087,1.2109793625259573,NA,NA,NA,NA,82.1576,0.764496003051229,NA,97.67023434169381,1.6,NA,NA,NA,NA,0.9885217520159779,NLD,3.340101
New Zealand,1.2562925823560225,1147.85,0.7229775429287427,NA,0.8008621755721442,NA,1.1411655810348127,0.9815453600633293,0.832346717746819,1.4320678855318854,82.088,0.999195054412066,NA,100,NA,6.48591499675774,96.1638,48747.0136853042,10,1.0238939778905365,NZL,1.1478499999999998
Nicaragua,0.24576585002407264,2384.955,0.3444668352527874,-0.4916993911332112,NA,0.15765754134178234,0.46753087301382046,-0.4241973533827829,-0.5372067391674198,0.6909171684653547,74.9468,3.19445898308426,75.24,NA,14.9,16.809772538789,58.2314,2847.53966339498,40,0.056654348051800446,NIC,2.3849549999999997
Niger,-1.701859854402465,14129.416,-4.513180698687405,-2.974760227210273,-2.3328594701713445,-2.416249164559397,-3.989884390060882,-1.7228798722492096,-0.600606482610657,-1.0137294807876658,61.1833,31.3675547323112,26.0933609008789,16.40965699589931,47.4,85.1223455605238,23.1879,722.748650326257,109,-2.3628899600821445,NER,14.129415999999999
Nigeria,-2.652925525158506,110236.397,-2.3839319254430045,-0.5978496794953709,-1.2021518809552214,-1.3708470563164565,-2.1243122241370007,-1.128980962534207,-0.5980942021079325,-0.6678591461566181,54.4623,19.0184641193328,73.1389923095703,46.57067507748171,34.2,56.5313287289257,39.2136,806.945695055244,95,-1.4141058447004797,NGA,110.236397
Niue,-0.4573803064982842,0.52,0.0036603527217176695,NA,0.7043415280538267,NA,NA,NA,NA,NA,69.9778,5.17104818541301,NA,97.42536353093357,NA,NA,NA,NA,NA,0.0835405247590867,NIU,5.200000000000001e-4
North Macedonia,0.5921597877481786,374.176,0.6667665131403282,0.6723877163758107,0.7626911180605682,1.044665390760035,-0.13987618090352685,0.6486837304827694,-0.3443783180684279,-0.4702189549388766,77.3947,1.32520444750344,98.2805023193359,98.98180752762268,3.7,26.118651401474,87.1819,9310.02790015256,87,0.3814312002952065,MKD,0.374176
Norway,1.4289022989440636,1109.943,0.7802349745282882,0.7592627789812358,0.7277215046192242,NA,1.169224364324048,1.0866525371435,1.9680659944159637,1.5061829572385383,83.3078,0.66711680222559,100,98.049011857575465,NA,6.05589724673443,99,86809.7246897431,7,1.1782809262743577,NOR,1.109943
Oman,0.9651428103607027,1448.397,0.4999753288705677,NA,0.7753927084417015,0.33189122604893917,-1.018466486246818,0.9477437042510372,-0.01799748980940729,NA,80.0305,2.29255005496611,NA,99.32061563398358,12.7,39.5835768902765,95.2517,20248.4168124608,NA,0.35481168598810325,OMN,1.448397
Pakistan,-0.786920811491093,107662.243,-0.39915475681007007,-1.2787416266913136,-0.3039842994792984,-1.3550076304339875,-1.2412699035067938,-1.5676761286444727,-0.5778698083618108,-0.989024456885448,67.649,7.50727134091833,59.6622581481934,70.52881325887189,34,42.9981734249878,27.3759,1484.74985864775,108,-0.9444054913671431,PAK,107.662243
Palau,-0.5576801647681664,4.005,0.07314505859831687,NA,0.7640669307511565,NA,1.0862382256006282,-1.5827073221511778,-0.14776318836358365,NA,69.269,4.76805491385705,NA,99.01850659273329,NA,7.32770979431049,26.9703,15899.4246065324,NA,-0.06078341005547105,PLW,0.004005
Panama,0.9033327396887427,1346.163,0.3715781492534289,0.628406881541962,0.2715122788670665,0.2447743836953607,0.815948620718324,-0.041854339260426004,-0.05217897047465228,0.74032721626979,79.5937,3.03722039385136,97.41,85.87987561216065,13.8,11.4700607490209,68.5485,19102.8521936399,38,0.4313163289221774,PAN,1.346163
Papua New Guinea,-1.0013032681486445,4140.116,-0.47338552696385133,-1.2038743399679783,-2.224326010994379,-2.7171982563263044,0.4348554836601943,-1.6903122863180151,-0.5303753581254412,NA,66.134,7.93779055427612,61.1440887451172,19.30472876857797,51.2,17.3105425567239,24.0667,3076.48786186584,NA,-1.1757399453980524,PNG,4.140116
Paraguay,0.089754854337638,2321.839,0.45802438723666233,0.5632315503849497,0.5973997290955818,1.068424529583738,0.9060528022083622,0.4410116343958011,-0.4307277377411514,0.04858654700769483,73.8443,2.53585463545789,96.12,94.57274844033117,3.4,10.0891599097852,81.5781,6416.09709002917,66,0.4157509218343641,PRY,2.3218389999999998
Peru,0.6410361577346589,9987.065,0.48395002703566803,0.6723623374385522,-0.006672101241090783,0.5378037625210335,-0.1997092031446653,0.45505705436385124,-0.36996915716250806,-0.17375866811226434,77.7401,2.38549264906138,98.28,78.45945657679128,10.1,27.0356284968814,81.9571,8452.37167047598,75,0.22667780104813726,PER,9.987065000000001
Philippines,-0.4779129101029116,39653.031,0.19260429569718374,0.549358846624391,0.22942281763842207,-0.943182557489799,0.24052712234746412,0.5220970668234903,-0.5032721015136019,-0.19846369201448202,69.8327,4.07522232330759,95.8454208374023,84.75716182367243,28.8,20.2887417122616,83.7661,3984.8315387656,76,-0.04320234577664924,PHL,39.653031000000006
Poland,0.7673732252619615,7063.046,0.7135596586468304,0.6625102524962128,0.7617642014358691,1.1555413719373164,0.39258706706954555,0.7006814316890266,0.1244572408574025,0.7156221923675724,78.6329,1.05381634049254,98.085,98.95708252414317,2.3,17.9583314936851,88.585,25022.6716445953,39,0.6660107379735264,POL,7.063046
Portugal,1.2947682192967411,1653.031,0.751441741752957,0.7251594080269852,0.7881630158054508,1.0921836684074413,1.0128503837598855,0.6970496344413514,0.23849330565233046,0.2956367860298717,82.3599,0.834110084105636,99.325,99.66125672897475,3.1,8.45242266236737,88.487,28844.4979246799,56,0.7661940181303349,PRT,1.653031
Qatar,1.2959144225303556,520.814,0.6664339525355136,0.7098694463477968,0.7984833117307485,0.9892274001713941,-3.3726614902112892,1.1108447539116884,1.6537568261745037,NA,82.368,1.32713321275378,99.0223693847656,99.93654508378802,4.4,75.6630329481338,99.6528,76275.9076782833,NA,0.48148357789883894,QAT,0.520814
Republic of Korea,1.5733805090083277,7043.359,0.7674877127801307,0.7592627789812358,0.7939935183487219,1.203059649584723,NA,NA,NA,NA,84.3288,0.741047614056229,100,99.81678225503425,1.7,NA,NA,NA,NA,1.0194368337406279,KOR,7.043359000000001
Republic of Moldova,-0.2846432339953988,725.59,0.5106624379830487,0.7132611424133641,0.23518826065443474,1.0288259648775662,NA,NA,NA,NA,71.1985,2.2305675940723,99.0895004272461,84.91095192176034,3.9,NA,NA,NA,NA,0.440658914386603,MDA,0.7255900000000001
Romania,0.3860413148984176,3692.072,0.6280865400295546,0.6612471646830927,0.3616491932828265,0.7278768731106591,0.5953953047509195,0.8009449771337772,-0.02324926199682899,1.0861975509008377,75.9381,1.54953825896535,98.06,88.28422942692234,7.7,14.8501731264834,91.2905,20072.4079244042,24,0.5804655174214729,ROU,3.692072
Russian Federation,-0.0079129816920932,30181.25,0.6067197950965613,0.7486528413510248,0.4041728989585799,NA,0.828821404323313,0.9148833509906931,-0.17791179312822036,NA,73.1541,1.67345983759793,99.79,89.41852645297435,NA,11.2727775886895,94.365,14889.0185546875,NA,0.4739179308428369,RUS,30.18125
Rwanda,-0.7676476163777208,6228.082,-1.7001728936015212,-1.1171501864442304,-0.18035923576370186,-1.0223796869021429,-0.47719500423181327,-1.3147622154150347,-0.5923441341668881,NA,67.7852,15.0528390839891,62.8605995178223,73.82644548282099,29.8,31.2882654917538,34.2005,999.654561402699,NA,-0.8965013716128817,RWA,6.228082000000001
Saint Kitts and Nevis,-0.1507497155205632,10.492,0.3922141504168415,NA,NA,NA,NA,NA,NA,NA,72.1447,2.91753693954639,NA,NA,NA,NA,NA,NA,NA,0.12073221744813914,KNA,0.010492000000000001
Saint Lucia,-0.07262393709110239,39.419,0.45804379561454495,0.7380233375778096,0.17696916491101325,1.1397019460548476,NA,NA,NA,NA,72.6968,2.5357420719002,99.5796127319336,83.35798878950787,2.5,NA,NA,NA,NA,0.4880228614134226,LCA,0.039418999999999996
Saint Vincent and the Grenadines,-0.2801716263185816,26.395,0.1544551473797405,NA,NA,NA,NA,NA,NA,NA,71.2301,4.29647748865035,NA,NA,NA,NA,NA,NA,NA,-0.06285823946942055,VCT,0.026395
Samoa,-0.2139323999414191,97.302,0.5088732139409653,0.6621490266504407,0.7231798065006654,0.7516360119343621,0.7453586028266839,-0.4276364430213981,-0.4760018651059618,NA,71.6982,2.24094462943813,98.0778503417969,97.92786449783243,7.4,12.5518952802963,58.1386,4898.77140817676,NA,0.28420324422304233,WSM,0.09730200000000001
San Marino,1.7682916613516344,5.308,0.8187993144121897,NA,0.8008621755721442,NA,0.8667891953699083,0.6429729146065779,0.9969801730248129,NA,85.7062,0.443453633487283,NA,100,NA,10.6908983278922,87.0278,54264.570495898,NA,0.9824492390562112,SMR,0.005308
Sao Tome and Principe,-0.4941154126027737,105.04,0.36079790692997443,0.11002338528818593,-1.1544668672426146,0.5457234754622678,-0.219292367095028,-0.3045222222407636,-0.5253523771644478,NA,69.7182,3.09974300321248,87.1497573852539,47.84264722529714,10,27.3357522767854,61.4607,3244.82899741459,NA,-0.21015055983314992,STP,0.10504000000000001
Saudi Arabia,0.7814106772094389,9456.727,0.6246054452088703,NA,0.6264656971112873,0.3556503648726423,-1.903588279406958,1.1237116927320236,0.42386933315886843,0.9379674074875316,78.7321,1.56972770601972,NA,95.34806753718816,12.4,53.1486013629285,100,35057.2252306969,30,0.37126154229671304,SAU,9.456727
Senegal,-0.6406171666473685,8217.67,-0.39449384251561603,-1.8992040269052366,-0.6918046669715469,-0.008656430424139981,-2.594694550262237,-0.33596691575762594,-0.5701346063646251,-0.8407943134721418,68.6829,7.48023924693063,47.381591796875,60.18391310263542,17,63.7402211262202,60.6122,1743.98888384359,102,-0.8862629465911709,SEN,8.21767
Serbia,0.5036615775873652,1173.715,0.7069165800466458,0.7340337871426933,0.7225256354226328,0.9733879742889253,0.09575017771310705,0.6675394288462104,-0.21864957895146897,0.5673920489542662,76.7693,1.09234447333153,99.5006484985352,97.91041483542531,4.6,22.5075355689004,87.6907,13523.7246826854,45,0.5280619590055975,SRB,1.1737149999999998
Seychelles,-0.04924705138824618,30.529,0.5088076096579278,NA,0.8008621755721442,0.767475437816831,1.009756481521009,0.6567996855566558,-0.08929845853397173,NA,72.862,2.2413251172637,NA,100,7.2,8.49983857722866,87.4009,17858.8226383978,NA,0.5150222686003357,SYC,0.030529
Sierra Leone,-1.6166021447416237,3826.904,-3.309731473182363,-0.7850312911711144,-2.0888234380131108,-0.7214305951352358,-1.2558155034939131,-1.8174881905511513,-0.5961116722836923,-1.6560601022453256,61.7858,24.3878613678597,69.4341506958008,22.91918717742466,26,43.2210935036927,20.635,873.388575182318,135,-1.538566045646392,SLE,3.826904
Singapore,1.4895237144107925,883.186,0.7513825310377844,NA,0.8008621755721442,1.1001033813486758,0.6594043746164637,0.9153502963511086,2.0833706461435733,1.06149252699862,83.7362,0.834453490895915,NA,100,3,13.8691955865476,94.3776,90674.066632628,25,1.1076862058098953,SGP,0.883186
Slovakia,0.726124059509038,1044.335,0.6859029523220206,NA,0.7085027052088393,NA,NA,NA,NA,0.9626724313897492,78.3414,1.21421806374501,NA,97.53636069820297,NA,NA,NA,NA,29,0.7708005371074118,SVK,1.044335
Slovenia,1.1877184975400163,379.115,0.7809704589618766,0.7423374022854228,0.7375491022897636,NA,0.6318715469014679,0.7814185080541842,0.3949898501339843,1.135607598705273,81.6034,0.662851183276341,99.665,98.31115775087856,NA,14.2911527506818,90.7636,34089.3527652778,22,0.7990578706089986,SVN,0.37911500000000004
Solomon Islands,-0.3795658425273363,348.723,0.2020567674886008,NA,NA,-1.0223796869021429,0.653852395601569,-1.0086832375783006,-0.5580385152629668,NA,70.5277,4.02040043864309,NA,NA,29.8,13.9542830081778,42.4597,2149.37957267304,NA,-0.3521263531967628,SLB,0.348723
Somalia,-2.0368766637336546,9807.25,-3.164584135734824,-1.779330563903756,-1.4268938709309449,-0.08785355983648396,NA,NA,NA,NA,58.8158,23.5460444581141,49.7542190551758,40.57580311589185,18,NA,NA,NA,NA,-1.6991077588279326,SOM,9.80725
South Africa,-1.0006381872600039,19711.587,-0.09101802217477646,0.660408657547584,-0.037608453719400504,-0.4679997810157351,0.014478743170737234,0.2216621983828885,-0.4355831590041017,-0.4208089071344412,66.1387,5.72015820270085,98.0434036254883,77.6342459782462,22.8,23.753069242361,75.6592,6253.37158194543,85,-0.17301187902302767,ZAF,19.711586999999998
South Sudan,-2.2064581396797993,5470.56,-2.8985323759106643,-3.0481830846710007,-2.3461484947665694,-0.8719051410186892,-0.4412474685755552,-2.2386199110533482,-0.5899423865442491,NA,57.6174,22.0030132580516,24.6401195526123,16.05517939715866,27.9,30.7373478613476,9.27123,1080.14718624765,NA,-1.8301296252774844,SSD,5.470560000000001
Spain,1.4801984313126193,7881.82,0.772285163321522,0.6892877141343653,0.7978111832707161,NA,0.9392068210385268,0.9664882251477122,0.43102404203796285,0.8885573596830961,83.6703,0.713223645250249,98.615,99.91861641785394,NA,9.58105460690675,95.7575,35297.0094995565,32,0.870607367493315,ESP,7.881819999999999
Sri Lanka,0.6046265167458879,6226.964,0.6102011578690162,0.7119910391588975,0.6166545620688879,0.07846041192943837,0.2616878470703802,-0.6847750999879276,-0.48743593351688197,-1.0878445524943188,77.4828,1.65326883649279,99.0643615722656,95.08636077565505,15.9,19.9644408635608,51.2,4515.56787322732,112,0.06928510542704218,LKA,6.226964
State of Palestine,-1.1376731516343754,2415.888,0.3265403006391098,0.7318840554734505,0.7799285104033392,0.7437162989931279,NA,NA,NA,-0.7666792417654889,65.1703,3.29842823416603,99.4580993652344,99.44160571690526,7.5,NA,NA,NA,99,0.11295279535152718,PSE,2.415888
Sudan,-0.9734264734545598,23670.351,-0.352971948325903,-0.9875150451824468,NA,-1.5134018892586756,-1.4263673047013976,-1.6024227929242725,-0.5926527107835498,NA,66.331,7.2394230303314,65.4264373779297,NA,36,45.8349025581217,26.4383,989.312866210938,NA,-1.0641083092329722,SDN,23.670351
Suriname,0.059571502519118864,195.946,0.2207514620947395,0.029559356773283713,0.4249349130704372,0.7357965860518935,-0.21734905460014348,0.323078283566442,-0.40045384127294636,NA,73.631,3.9119760588458,85.5571517944336,89.97234203625165,7.6,27.3059698425997,78.3958,7430.70219176443,NA,0.14698615102535312,SUR,0.195946
Sweden,1.4224779005729395,2189.74,0.779369065810912,0.7286960539037219,0.75815520988408,NA,1.196576590756901,0.9580313258424116,1.1001801627497538,1.530887981140756,83.2624,0.672138848192136,99.395,98.86081461147687,NA,5.63670790600148,95.5293,57723.2345031532,6,1.0592967863326845,SWE,2.1897399999999996
Switzerland,1.5202872431747207,1590.175,0.7797651771785422,0.7264224958401051,0.7971086167807004,NA,0.9731372933927422,1.0252973991511403,2.471140888759574,1.4814779333363206,83.9536,0.669841505000884,99.35,99.89987583380642,NA,9.06104968621636,97.3444,103669.872008144,8,1.2218296309517307,CHE,1.590175
Syrian Arab Republic,-0.1542307771930234,8874.689,0.0724201560150262,0.5361887046227789,0.6126793870442353,-0.6739123174878293,-0.047689712587482815,-1.2981041249779934,-0.5968879360748778,NA,72.1201,4.77225916081923,95.5847473144531,94.98032511538402,25.4,24.7058382627422,34.65,847.372723418531,NA,-0.1936920775798958,SYR,8.874689
Tajikistan,-0.20092794596991548,4345.768,0.5568984346675205,0.686366946914941,0.6789601584562204,0.30021237428400155,-0.8533721146306514,-0.4775773610924925,-0.5821529961909422,-0.2972837876233528,71.7901,1.96241080571924,98.5571899414062,96.74832911932283,13.1,37.0534062306267,56.791,1341.20229027672,80,-0.02098625457607454,TJK,4.345768
Thailand,0.4530305261074501,13383.492,0.1817841938495991,0.699017098236655,0.7639589123153059,0.40316864252004864,-0.4588555053365999,0.7852578365731553,-0.4030069837823013,0.19681669042100094,76.4115,4.13797610757014,98.8075714111328,99.01562525893142,11.8,31.0072016277159,90.8672,7345.13569000377,60,0.2912412678782571,THA,13.383492
Timor-Leste,-0.7812039459802242,569.05,-0.6667568854440984,-0.21653924189343224,-0.7594933724413745,-2.2340957669110058,0.4283354370567265,-1.3214254515898514,-0.5820949142240662,NA,67.6894,9.05929427795266,80.6861801147461,58.37835321335431,45.1,17.4104661970888,34.0207,1343.14886031844,NA,-0.7666592676784157,TLS,0.56905
Togo,-1.481760532234046,4318.028,-0.9891541243001397,-0.25993128846654245,-2.228340789439633,-0.4284012163095631,-1.8068570445226217,-1.2101886901753387,-0.5910465832428203,-1.3348947915164957,62.7387,10.929114641846,79.8273315429688,19.19763670831792,22.3,51.6661369398223,37.0223,1043.14092889765,122,-1.1478416733563557,TGO,4.318028
Tokelau,0.5435522802485944,0.793,NA,NA,0.6809965367052949,NA,NA,NA,NA,NA,77.0512,NA,NA,96.80264841617469,NA,NA,NA,NA,NA,0.6122744084769447,TKL,7.930000000000001e-4
Tonga,-0.04461978648217152,44.313,0.55199281690315,0.6690048859778812,0.6244965389420951,1.1951399366434885,0.7501533462246092,-0.4130054883950488,-0.4770464245127548,NA,72.8947,1.99086211636273,98.2135467529297,95.29554129988955,1.8,12.4784129504796,58.5334,4863.76384632192,NA,0.35701447816265613,TON,0.044313000000000005
Trinidad and Tobago,0.03956247323108013,327.759,0.5257596019012375,0.7138597677105356,0.5727492826728372,0.6407600307570805,-0.10618138499488099,0.5566843767342595,-0.045857345124900716,NA,73.4896,2.14300795915908,99.1013488769531,93.91521101211694,8.8,25.6022583642289,84.6994,19314.7163432664,NA,0.3621671003609061,TTO,0.327759
Tunisia,0.46664345833877396,3508.842,0.3574025927585217,0.3915133436844078,0.7047975244891457,0.6565994566395494,-0.013573233283082471,0.0991816891628183,-0.492365071852999,-1.0384345046898833,76.5077,3.11943494475058,92.7212219238281,97.43752699110838,8.6,24.1829826735327,72.3542,4350.3717971875,110,0.12575169502747247,TUN,3.508842
TÃ¼rkiye,0.5583397170279438,22843.091,0.5599064571026372,0.6415429947984145,0.7726985356894203,0.9021105578178158,NA,NA,NA,NA,77.1557,1.94496505579847,97.67,99.2487500218028,5.5,NA,NA,NA,NA,0.6869196524872463,TUR,22.843091
Turkmenistan,-0.443951332810627,2654.788,0.289777636763332,0.7265315050056155,0.7940469826167655,0.807074002523003,0.28548330487569756,-1.7946597507086208,-0.36641139965853253,NA,70.0727,3.51164214936519,99.3521575927734,99.81820838568957,6.7,19.5997611438189,21.251,8571.60702949432,NA,0.037236368575829154,TKM,2.654788
Turks and Caicos Islands,0.6789033164155573,9.032,0.6360887241523735,0.6941537013439113,0.5439204810335877,1.10802309428991,NA,-2.5822038661203357,0.49695940791124976,NA,78.0077,1.50312766661176,98.711311340332,93.14621820106262,2.9,NA,0,37506.7798431288,NA,0.2251206941466077,TCA,0.009032
Tuvalu,-0.863914537344145,3.728,0.13546328871299826,0.7592627789812358,0.1840300707055082,0.925869696641519,1.178235180949939,0.17183245777855968,-0.43285585339374494,NA,67.1049,4.4066253429225,100,83.54633466192547,5.2,5.91780105591262,74.3146,6344.7750188689,NA,0.25724038537898375,TUV,0.0037280000000000004
Uganda,-0.7015498965726102,24878.283,-1.260955699108971,-2.919354167950625,-2.160317166573707,-0.5155180586631414,-0.641590095381114,-2.2505307236595,-0.5901641877571647,-1.1125495763965365,68.2523,12.5054932774669,27.19,21.01213033938683,23.4,33.8077192571642,8.94983,1072.71369837695,113,-1.3502810635625966,UGA,24.878283
Ukraine,0.030067382246445867,6609.605,0.4304701308675211,0.7380676659159783,0.7163356658226608,0.3635700778138767,0.5921374972104639,0.4705626050620897,-0.461360253765986,-0.593744074449965,73.4225,2.69566217554034,99.5804901123047,97.74530071855746,12.3,14.90010098879,82.3755,5389.47314453125,92,0.2540118551914539,UKR,6.609604999999999
United Arab Emirates,1.372483628667254,2013.507,0.6649682927327114,NA,0.7667960904945796,NA,-0.8045712166467563,1.1237116927320236,0.8511611561507663,1.0367875030964022,82.9091,1.33563365945594,NA,99.09130546412494,NA,36.3055030826594,100,49377.5643384379,26,0.7159053067467115,ARE,2.013507
United Kingdom,1.1449976634377639,14403.544,0.7767045347625721,0.7489054589136487,0.7673016226967458,NA,0.9175547520192634,0.9865483460677802,0.9484101813869583,1.2097226704119262,81.3015,0.687592437162348,99.795,99.10479026429412,NA,9.91288560282114,96.2988,52636.7865943853,19,0.9375181537120824,GBR,14.403544
United Republic of Tanzania,-0.8794236576409553,32961.774,-1.2630963727226339,-0.5315699482666015,-1.8002042287808993,-1.0857373904320182,NA,NA,NA,NA,66.9953,12.517908629191,74.4508514404297,30.61794967921314,30.6,NA,NA,NA,NA,-1.1120063195686216,TZA,32.961774
United States,0.8623807377371285,74112.182,0.6515728772745122,0.7375052742169594,0.7870516224578843,1.0525851037012692,1.0544516945407567,0.8696489456793415,1.9382331289519013,1.3085427660207969,79.3043,1.41332359469058,99.5693588256836,99.63161090792305,3.6,7.81485752365112,93.1444,85809.9003846356,15,1.0291080167311721,USA,74.112182
Uruguay,0.6974123760398518,773.968,0.6281305965139404,0.7021712098281939,0.7380617100841297,0.8545922801704094,0.8745608966491845,0.8269086215390972,0.0911531878622218,0.987377455291967,78.1385,1.54928274278302,98.87,98.32483128867214,6.1,10.5717923259135,91.9911,23906.5133029408,28,0.7111520371087773,URY,0.773968
Uzbekistan,-0.1162645639116879,12670.476,0.3708789213224621,0.7445372905056429,0.6624036892817724,0.7912345766405342,-0.5210538984429747,0.716564985774268,-0.5278327859835493,0.34504683383430707,72.3884,3.0412757344894,99.7085418701172,96.30669419009779,6.9,31.9604294559849,89.0136,3161.70010632875,54,0.2739461165578639,UZB,12.670476
Vanuatu,-0.2452478043363471,142.702,0.2055504437155317,-0.19606224790649454,-1.1967437758655126,-1.1490950939618931,0.6454919718555479,-0.8874405041548868,-0.5164611665049641,NA,71.4769,4.00013802269578,81.0914764404297,46.71493337817189,31.4,14.0824115364695,45.7313,3542.81071592874,NA,-0.41750102214487733,VUT,0.142702
Venezuela (Bolivarian Republic of),-0.09846303714764859,9064.324,0.3153401333052635,0.45965834970907604,0.7407142354351627,0.5061249107560959,NA,NA,NA,NA,72.5142,3.36338629966978,94.07,98.39558597877715,10.5,NA,NA,NA,NA,0.3846749184115899,VEN,9.064324000000001
Viet Nam,0.19503574394372253,28088.351,0.4368701505194109,0.6727049530915737,0.5073357557416346,-0.1908098280725312,0.20709793273229665,0.5363240766539249,-0.48141691836581524,NA,74.5883,2.65854372155828,98.2867813110352,92.17034028924522,19.3,20.8010641731194,84.15,4717.29028732449,NA,0.23539273328052712,VNM,28.088351
Yemen,-0.5539726925804268,18755.964,-0.639740197593456,-0.8507617364704124,-0.8919644436503922,-1.4421244727875662,NA,NA,NA,NA,69.2952,8.90260449584619,68.1331634521484,54.84475848724862,35.1,NA,NA,NA,NA,-0.8757127086164507,YEM,18.755964
Zambia,-0.970921807129255,10140.4,-0.7759735600861927,-0.6544538836254052,-1.5871383162551673,-1.1490950939618931,-0.021769271908623825,-1.3592517316990573,-0.5853193453457793,-1.4831249349298017,66.3487,9.69272266290756,72.0186386108398,36.30136854147845,31.4,24.3085919008655,33,1235.08466482514,128,-0.9541164383267973,ZMB,10.1404
Zimbabwe,-1.4766521449829983,7879.956,-1.027726798677221,0.19374188475224055,-1.6502515046135997,-0.3729632257209224,0.2923725273364912,-1.1581465179823751,-0.5429097052831916,-1.631355078343108,62.7748,11.152826148483,88.8067779541016,34.61785811542333,21.6,19.4941796611344,38.4266,2656.40937654332,134,-0.8193211737238538,ZWE,7.879956
East Asia and Pacific,0.5078501721200807,531376.832,0.4489569955072656,0.5869216151828291,0.5586231557849611,0.22101524487165758,NA,NA,NA,NA,76.7989,2.58844315564244,96.58889188051293,93.53840415900001,14.1,NA,NA,NA,NA,0.4646734366933588,NA,531.376832
Europe and Central Asia,0.732689964452214,195934.285,0.6399105483986671,NA,0.680980767710429,0.9496288354652221,NA,NA,NA,NA,78.3878,1.48096207726522,NA,96.8022277867,4.9,NA,NA,NA,NA,0.7508025290066331,NA,195.93428500000002
Eastern Europe and Central Asia,0.15156492500959604,104211.65,0.5319366987927936,0.7131357612368646,0.5820159533527669,0.8149937154642374,NA,NA,NA,NA,74.2811,2.10718239936658,99.08701878710997,94.162394479,6.6,NA,NA,NA,NA,0.5587294107712517,NA,104.21164999999999
Western Europe,1.2234206056685322,91722.635,0.7646077684506828,0.7127782541669687,0.7651819743095611,1.10802309428991,NA,NA,NA,NA,81.8557,0.757750544184255,99.07994273376312,99.0482497812,2.9,NA,NA,NA,NA,0.914802339377131,NA,91.722635
Latin America and the Caribbean,0.34323557685293166,181322.71,0.42454772977819205,0.5038605284192997,0.40571706010536873,0.42692778134375187,NA,NA,NA,NA,75.6356,2.7300105657414,94.9448833266197,89.4597161228,11.5,NA,NA,NA,NA,0.42085773529990883,NA,181.32271
Middle East and North Africa,0.19608289257689987,175743.132,0.250650336583104,0.04212847674888673,0.47749657648403476,0.12597868957684472,NA,NA,NA,NA,74.5957,3.73857034180491,85.80592942978564,91.3743961975,15.3,NA,NA,NA,NA,0.21846739439395402,NA,175.743132
North America,0.9102807123764555,81405.371,0.6597784715755186,0.7383751489610355,0.7830596044607187,1.0525851037012692,1.062842189132598,0.9087685903185869,1.8366814705757737,NA,79.6428,1.36573327606282,99.58657605189384,99.5251259704,3.6,7.68626814153951,94.2,82406.4788664869,NA,0.9940464113877445,NA,81.405371
South Asia,-0.2518986132227526,640914.591,0.09646359423469177,0.02019023072777189,-0.11889129754571555,-1.1490950939618931,-1.523455847583481,-0.6440100288405519,-0.541858324161583,NA,71.4299,4.63281345538868,85.37171088628395,75.4660697444,31.4,47.322842941453,52.3,2691.64556264089,NA,-0.5140694225441892,NA,640.914591
Sub-Saharan Africa,-1.5498817960194884,601963.776,-1.6253478309084706,NA,-1.5666461098570472,-1.1570148069031276,-0.9267346362686958,-1.1961914471095534,-0.5791656616913298,NA,62.2573,14.6188731280476,NA,36.8479871488,31.5,38.1777310513302,37.4,1441.32038465812,NA,-1.228711755536816,NA,601.9637759999999
Eastern and Southern Africa,-1.0886835763902545,299120.67,-0.972694980241682,-1.1105623967437155,-1.4913581927889843,-1.1411753810206589,NA,NA,NA,NA,65.5165,10.8336558753815,62.99099008988079,38.8562519289,31.3,NA,NA,NA,NA,-1.160894905437059,NA,299.12066999999996
West and Central Africa,-1.992655859967658,302843.106,-2.272637990090499,-1.08549148823757,-1.6461734273308708,-1.180773945726831,NA,NA,NA,NA,59.1283,18.372988161045,63.487212685129514,34.7266386382,31.8,NA,NA,NA,NA,-1.6355465422706856,NA,302.84310600000003
Least developed countries,-0.9705397393847162,527668.723,-1.2352822719531926,NA,-1.3967606827263856,-1.2203725104330025,NA,NA,NA,NA,66.3514,12.3565940589837,NA,41.3795897385,32.3,NA,NA,NA,NA,-1.2057388011243242,NA,527.668723
World,-0.005747931139710531,2415319.658,-0.1305862971598896,-0.03285538648194889,0.07999191549939826,-0.4284012163095631,-0.47947230504032623,-0.07700494833614101,-0.21446425402880787,NA,73.1694,5.94964393463149,84.32179146146831,80.77117271,22.3,31.3231664979631,67.6,13663.9924550685,NA,-0.16106755287462363,NA,2415.319658
